<keymap version="1" name="Mac OS X 10.5+ copy" parent="Mac OS X 10.5+">
  <action id="GotoTest" />
  <action id="Images.ShowThumbnails" />
  <action id="ReformatCode">
    <keyboard-shortcut first-keystroke="meta alt l" />
    <keyboard-shortcut first-keystroke="shift meta l" />
  </action>
  <action id="ReopenClosedTab">
    <keyboard-shortcut first-keystroke="shift meta t" />
  </action>
  <action id="RunDashboard.ShowConfigurations" />
  <action id="rspec.LetIntroduce">
    <keyboard-shortcut first-keystroke="shift meta alt r" />
  </action>
</keymap>